team_id,game_num,game_id,game_location,opp_id
193,1,401829496,home,295
193,2,401831071,home,-1
193,3,401820551,away,2005
193,4,401820211,home,2385
193,5,401827131,home,2029
193,6,401830117,home,2430
193,7,401831072,home,-1
193,8,401820629,home,311
193,9,401830422,away,2427
193,10,401828548,away,2198
193,11,401823413,away,2750
193,12,401813772,away,2050
193,13,401831073,home,-1
193,14,401814494,away,189
193,15,401814498,home,2006
193,16,401814509,home,2711
193,17,401814515,away,2649
193,18,401814517,home,2117
193,19,401814522,home,2084
193,20,401814531,away,2309
193,21,401814543,home,113
193,22,401814550,home,2459
193,23,401814556,away,2084
193,24,401845843,away,276
193,25,401814565,home,195
193,26,401814572,away,113
193,27,401814575,home,189
193,28,401814583,away,2199
193,29,401814590,away,2711
193,30,401814597,home,2649
193,31,401814601,away,195
193,32,401858186,home,113
2378,1,401826052,home,-1
2378,2,401813435,away,2168
2378,3,401813274,away,2415
2378,4,401826053,home,2681
2378,5,401817145,away,45
2378,6,401826054,home,-1
2378,7,401826055,home,2169
2378,8,401822726,away,46
2378,9,401809081,away,2083
2378,10,401823432,home,2084
2378,11,401826056,home,349
2378,12,401826057,away,58
2378,13,401822766,away,2154
2378,14,401812111,home,311
2378,15,401812117,home,160
2378,16,401812120,away,2803
2378,17,401812123,away,2066
2378,18,401812128,home,2885
2378,19,401812132,home,2349
2378,20,401812135,away,261
2378,21,401812139,away,399
2378,22,401812143,home,2066
2378,23,401812151,away,311
2378,24,401812156,away,160
2378,25,401812161,home,261
2378,26,401812162,home,399
2378,27,401812166,home,2803
2378,28,401812171,away,2349
2378,29,401812176,away,2885
2378,30,401851198,home,160
2378,31,401851202,home,2349
2378,32,401851206,home,261
47,1,401829423,home,142
47,2,401830236,home,-1
47,3,401827088,home,2755
47,4,401829686,home,2016
47,5,401825206,away,56
47,6,401813378,home,315
47,7,401817233,away,150
47,8,401830237,home,-1
47,9,401813402,away,116
47,10,401830238,home,-1
47,11,401827529,home,2448
47,12,401827524,home,2261
47,13,401827516,away,2182
47,14,401827502,away,350
47,15,401826936,away,77
47,16,401829284,away,2569
47,17,401823046,away,2379
47,18,401830239,home,2169
47,19,401830240,away,2428
47,20,401830241,home,-1
47,21,401828691,home,2415
47,22,401828728,home,2450
47,23,401858634,away,2154
47,24,401829288,home,2569
47,25,401818333,home,43
47,26,401823052,home,2379
47,27,401830242,away,2169
47,28,401830243,home,2428
47,29,401828716,away,2415
47,30,401822779,home,2154
47,31,401828732,away,2450
47,32,401851475,home,2569
47,33,401851477,home,2428
251,1,401817228,home,150
251,2,401829412,home,322
251,3,401812284,home,161
251,4,401829425,home,140
251,5,401812628,home,2520
251,6,401819818,home,9
251,7,401831199,away,-1
251,8,401831202,home,152
251,9,401806379,home,258
251,10,401827017,home,2582
251,11,401812794,away,41
251,12,401826858,home,2330
251,13,401823044,home,2379
251,14,401808150,home,344
251,15,401808160,away,2633
251,16,401808168,away,333
251,17,401808176,home,238
251,18,401808183,home,245
251,19,401808185,away,96
251,20,401808198,home,61
251,21,401808200,away,2
251,22,401808214,away,201
251,23,401808217,home,2579
251,24,401808226,home,145
251,25,401808236,away,142
251,26,401808243,home,99
251,27,401808251,away,61
251,28,401808264,home,57
251,29,401808272,away,245
251,30,401808273,away,8
251,31,401808287,home,201
251,32,401851559,home,145
2653,1,401823008,away,2309
2653,2,401824868,away,231
2653,3,401827209,home,-1
2653,4,401824040,away,2351
2653,5,401823258,away,2463
2653,6,401823763,away,21
2653,7,401827210,away,30
2653,8,401829680,home,2649
2653,9,401830883,home,2598
2653,10,401825387,home,2698
2653,11,401827211,home,-1
2653,12,401826876,away,5
2653,13,401808587,home,276
2653,14,401808591,home,326
2653,15,401808599,home,6
2653,16,401808602,away,2032
2653,17,401808613,away,309
2653,18,401808615,home,2572
2653,19,401808626,home,2032
2653,20,401808627,away,295
2653,21,401808636,away,290
2653,22,401808647,home,256
2653,23,401808648,home,2026
2653,24,401808658,away,2247
2653,25,401845848,home,2006
2653,26,401808665,away,326
2653,27,401808673,away,2572
2653,28,401808676,away,2433
2653,29,401808685,away,6
2653,30,401808691,home,309
2653,31,401808700,home,2433
2653,32,401851704,home,2572
2653,33,401851706,home,290
58,1,401826812,home,50
58,2,401817142,home,45
58,3,401822759,home,2154
58,4,401826813,away,338
58,5,401813290,away,197
58,6,401822738,home,2670
58,7,401830875,home,98
58,8,401830876,home,36
58,9,401826835,home,328
58,10,401826836,home,232
58,11,401812267,away,333
58,12,401826057,home,2378
58,13,401826814,home,-1
58,14,401828159,home,5
58,15,401828166,away,249
58,16,401828167,away,202
58,17,401828175,home,151
58,18,401828184,home,2724
58,19,401828190,away,5
58,20,401828195,home,2226
58,21,401828201,away,2655
58,22,401828205,away,218
58,23,401828212,home,2636
58,24,401828218,home,202
58,25,401828223,away,2724
58,26,401828230,away,2226
58,27,401828237,home,235
58,28,401828247,away,242
58,29,401828254,home,2655
58,30,401828260,away,235
58,31,401828263,home,2429
58,32,401851227,home,2429
58,33,401851229,home,2724
158,1,401825381,home,2698
158,2,401827237,home,2229
158,3,401823038,home,2379
158,4,401826778,home,201
158,5,401827238,home,167
158,6,401831195,home,2306
158,7,401827068,home,2737
158,8,401827062,home,2908
158,9,401820835,home,156
158,10,401825405,home,275
158,11,401825407,away,356
158,12,401827239,home,155
158,13,401826776,home,160
158,14,401825412,home,127
158,15,401825420,away,194
158,16,401825431,away,84
158,17,401825440,home,2483
158,18,401825448,away,77
158,19,401825461,home,264
158,20,401825467,away,135
158,21,401825474,away,130
158,22,401825487,home,356
158,23,401825499,away,164
158,24,401825507,home,2509
158,25,401825515,home,77
158,26,401825520,away,2294
158,27,401825531,home,213
158,28,401825541,home,120
158,29,401825548,away,30
158,30,401825554,away,26
158,31,401825569,home,2294
158,32,401851382,home,2509
97,1,401817239,home,2569
97,2,401817240,home,2296
97,3,401817241,home,96
97,4,401817242,home,195
97,5,401817243,home,2132
97,6,401817244,home,2199
97,7,401817245,home,2885
97,8,401806374,away,8
97,9,401817246,home,84
97,10,401817247,home,235
97,11,401817248,away,2633
97,12,401817249,home,149
97,13,401820634,away,25
97,14,401820643,away,24
97,15,401820650,home,150
97,16,401820659,home,103
97,17,401820669,home,258
97,18,401820679,away,221
97,19,401820691,home,259
97,20,401820698,away,150
97,21,401820710,home,2567
97,22,401820718,home,87
97,23,401820729,away,154
97,24,401820730,home,152
97,25,401817250,home,239
97,26,401820749,away,2567
97,27,401820756,home,59
97,28,401820762,away,153
97,29,401820770,away,228
97,30,401820781,home,183
97,31,401820790,away,2390
97,32,401851174,home,2567
97,33,401851178,home,2390
2567,1,401817452,home,2627
2567,2,401817453,home,357
2567,3,401817454,home,93
2567,4,401817455,home,2086
2567,5,401817456,home,2029
2567,6,401817457,home,2032
2567,7,401817458,home,2515
2567,8,401817459,away,344
2567,9,401806375,away,238
2567,10,401817460,home,245
2567,11,401817461,home,99
2567,12,401817462,home,2110
2567,13,401817463,home,2239
2567,14,401820648,home,153
2567,15,401820652,away,228
2567,16,401820657,away,150
2567,17,401820671,home,259
2567,18,401820680,home,258
2567,19,401820683,away,154
2567,20,401820694,home,52
2567,21,401820710,away,97
2567,22,401820719,home,152
2567,23,401820726,away,221
2567,24,401820737,home,87
2567,25,401820744,away,183
2567,26,401820749,home,97
2567,27,401820758,home,103
2567,28,401820765,away,25
2567,29,401820776,away,24
2567,30,401820784,home,2390
2567,31,401820789,away,52
2567,32,401851171,home,183
2567,33,401851174,home,97
275,1,401826911,home,2097
275,2,401823461,home,2459
275,3,401822319,home,2050
275,4,401826912,home,2565
275,5,401819836,away,252
275,6,401826890,home,2507
275,7,401831224,home,2628
275,8,401825397,home,77
275,9,401823027,home,269
275,10,401825405,away,158
275,11,401823567,home,222
275,12,401823459,home,2117
275,13,401822316,home,270
275,14,401825417,home,2509
275,15,401825424,home,26
275,16,401825432,away,130
275,17,401825439,away,135
275,18,401825453,home,164
275,19,401825463,away,213
275,20,401825471,home,30
275,21,401825478,home,135
275,22,401825485,home,194
275,23,401825497,away,84
275,24,401825506,away,356
275,25,401825512,home,127
275,26,401825522,away,194
275,27,401825535,home,2294
275,28,401825542,away,2483
275,29,401825549,away,264
275,30,401825559,home,120
275,31,401825565,away,2509
275,32,401851376,home,264
275,33,401851381,home,356
275,34,401851384,home,130
2628,1,401808890,home,2443
2628,2,401812250,home,2598
2628,3,401812251,home,2320
2628,4,401812252,home,130
2628,5,401812253,home,140
2628,6,401809047,home,57
2628,7,401831224,home,275
2628,8,401812254,home,87
2628,9,401812255,away,249
2628,10,401812256,home,2916
2628,11,401812257,home,198
2628,12,401812258,home,50
2628,13,401812259,home,2296
2628,14,401827597,home,239
2628,15,401827601,away,2305
2628,16,401827612,home,12
2628,17,401827620,away,252
2628,18,401827629,away,254
2628,19,401827636,home,197
2628,20,401827641,away,239
2628,21,401827650,home,248
2628,22,401827658,away,38
2628,23,401827670,home,2306
2628,24,401827675,home,66
2628,25,401827683,away,197
2628,26,401827687,away,2116
2628,27,401827697,home,277
2628,28,401827703,home,9
2628,29,401827713,away,2306
2628,30,401827719,away,2641
2628,31,401827729,home,2132
2628,32,401851294,home,197
2628,33,401851302,home,2305
194,1,401823374,home,85
194,2,401823392,home,2870
194,3,401826733,home,2026
194,4,401817434,home,87
194,5,401827255,home,2711
194,6,401813401,home,116
194,7,401817447,away,221
194,8,401825399,away,77
194,9,401825404,home,356
194,10,401819921,home,277
194,11,401809307,home,153
194,12,401827093,home,2755
194,13,401825413,away,164
194,14,401825420,home,158
194,15,401825429,away,2483
194,16,401825437,away,264
194,17,401825449,home,26
194,18,401825457,home,135
194,19,401825464,away,130
194,20,401825472,home,213
194,21,401825485,away,275
194,22,401825495,away,120
194,23,401825503,home,130
194,24,401825510,home,30
194,25,401817516,home,258
194,26,401825522,home,275
194,27,401825534,away,127
194,28,401825540,away,2294
194,29,401825552,home,2509
194,30,401825557,away,213
194,31,401825563,home,84
194,32,401851375,home,2294
194,33,401851380,home,130
2504,1,401827039,home,-1
2504,2,401827040,home,-1
2504,3,401826880,away,2724
2504,4,401813288,away,197
2504,5,401827041,away,142
2504,6,401829391,home,2630
2504,7,401831212,home,2454
2504,8,401827042,away,249
2504,9,401827043,home,-1
2504,10,401811112,away,233
2504,11,401827044,home,-1
2504,12,401827045,away,99
2504,13,401827046,away,245
2504,14,401827047,away,2755
2504,15,401827022,away,2582
2504,16,401827048,home,2400
2504,17,401827049,home,2029
2504,18,401827050,away,2296
2504,19,401827051,away,2016
2504,20,401827052,home,2011
2504,21,401858319,home,2010
2504,22,401827054,home,2640
2504,23,401827075,away,2065
2504,24,401827076,away,50
2504,25,401827032,home,2582
2504,26,401827077,home,2755
2504,27,401827078,away,2400
2504,28,401827149,away,2029
2504,29,401827080,home,2296
2504,30,401827081,home,2016
2504,31,401827082,away,2640
2504,32,401851716,home,2016
2504,33,401851718,home,2065
2504,34,401851722,home,2010
2504,35,401851726,home,2582
2329,1,401824809,away,248
2329,2,401829414,home,-1
2329,3,401819916,away,277
2329,4,401827433,away,164
2329,5,401812381,home,2598
2329,6,401818370,home,171
2329,7,401813323,away,2368
2329,8,401829415,home,2540
2329,9,401831225,home,326
2329,10,401820609,away,2066
2329,11,401812360,home,112358
2329,12,401829416,home,-1
2329,13,401824866,away,2405
2329,14,401826817,home,349
2329,15,401829396,away,2083
2329,16,401824385,home,107
2329,17,401829408,away,2142
2329,18,401824367,away,104
2329,19,401820165,home,2426
2329,20,401820199,home,2352
2329,21,401829417,home,322
2329,22,401826827,away,349
2329,23,401829409,home,2142
2329,24,401820202,away,2352
2329,25,401824392,away,107
2329,26,401828677,home,44
2329,27,401829418,away,322
2329,28,401820174,away,2426
2329,29,401824375,home,104
2329,30,401828680,away,44
2329,31,401829400,home,2083
2329,32,401851546,home,107
2329,33,401851547,home,2142
2329,34,401851549,home,104
152,1,401817252,home,2428
152,2,401817253,home,5
152,3,401817254,home,2430
152,4,401817255,home,2670
152,5,401817256,home,2550
152,6,401831198,home,68
152,7,401831202,home,251
152,8,401806373,away,2
152,9,401817257,home,2427
152,10,401817258,home,2335
152,11,401817259,home,2305
152,12,401817260,home,2640
152,13,401817261,home,145
152,14,401820638,home,154
152,15,401820646,home,258
152,16,401820651,away,103
152,17,401820658,away,52
152,18,401820678,home,59
152,19,401820685,away,228
152,20,401820693,away,221
152,21,401820702,home,183
152,22,401820713,away,154
152,23,401820719,away,2567
152,24,401820723,home,259
152,25,401820730,away,97
152,26,401820741,home,2390
152,27,401820752,home,153
152,28,401820763,away,258
152,29,401820775,away,87
152,30,401820778,home,150
152,31,401820791,home,24
152,32,401851173,home,221
152,33,401851177,home,258
2272,1,401824867,home,231
2272,2,401826977,home,-1
2272,3,401823341,home,294
2272,4,401826852,away,5
2272,5,401813349,home,2099
2272,6,401820483,home,82
2272,7,401830880,home,2916
2272,8,401826752,home,2717
2272,9,401826978,home,79
2272,10,401826979,home,2885
2272,11,401826737,home,2026
2272,12,401826980,home,-1
2272,13,401822184,home,2325
2272,14,401820620,home,2803
2272,15,401826981,home,-1
2272,16,401823895,away,2427
2272,17,401823899,home,2344
2272,18,401823903,home,2241
2272,19,401823906,away,2127
2272,20,401823910,away,2737
2272,21,401823916,home,2908
2272,22,401823923,away,2515
2272,23,401823928,home,2506
2272,24,401823931,away,2344
2272,25,401823934,home,2127
2272,26,401823941,home,2515
2272,27,401823942,away,2908
2272,28,401823947,away,2241
2272,29,401823952,home,2427
2272,30,401823957,home,2737
2272,31,401823958,away,2506
2272,32,401851347,home,2241
2272,33,401851351,home,2427
2272,34,401851353,home,2737
150,1,401817228,home,251
150,2,401817229,home,2717
150,3,401817230,away,349
150,4,401817231,home,282
150,5,401817232,home,2305
150,6,401813377,home,315
150,7,401817233,home,47
150,8,401817234,home,8
150,9,401806364,home,57
150,10,401817235,away,127
150,11,401817236,home,288
150,12,401817237,home,2641
150,13,401820636,home,59
150,14,401820644,away,52
150,15,401820650,away,97
150,16,401820657,home,2567
150,17,401820666,away,25
150,18,401820681,away,24
150,19,401820689,home,154
150,20,401820698,home,97
150,21,401820712,away,259
150,22,401820715,home,103
150,23,401820724,away,153
150,24,401820736,away,221
150,25,401820740,home,228
150,26,401820747,home,183
150,27,401817238,home,130
150,28,401820767,away,87
150,29,401820771,home,258
150,30,401820778,away,152
150,31,401820788,home,153
150,32,401851179,home,52
150,33,401851182,home,228
150,34,401851183,home,258
238,1,401824946,home,288
238,2,401824824,away,2116
238,3,401828544,home,2198
238,4,401827129,home,2029
238,5,401827006,home,2640
238,6,401823362,home,98
238,7,401830752,home,2670
238,8,401830879,home,2608
238,9,401806375,home,2567
238,10,401824940,home,2110
238,11,401826799,away,235
238,12,401817537,away,154
238,13,401828686,home,2441
238,14,401808148,away,2579
238,15,401808155,home,333
238,16,401808167,home,99
238,17,401808176,away,251
238,18,401808182,home,57
238,19,401808188,away,8
238,20,401808195,away,344
238,21,401808205,home,96
238,22,401808210,home,145
238,23,401808225,home,201
238,24,401808229,away,2
238,25,401808238,home,245
238,26,401808246,away,142
238,27,401808255,home,2633
238,28,401808261,home,61
238,29,401808268,away,96
238,30,401808279,away,145
238,31,401808286,away,2633
238,32,401851566,home,2633
238,33,401851569,home,57
238,34,401851571,home,8
2377,1,401829442,home,-1
2377,2,401824119,away,2541
2377,3,401829443,home,-1
2377,4,401829444,home,309
2377,5,401808728,home,45
2377,6,401808729,home,93
2377,7,401808730,home,2393
2377,8,401808731,away,2916
2377,9,401808732,home,2466
2377,10,401817170,away,227
2377,11,401808702,home,2837
2377,12,401820475,away,2277
2377,13,401826084,away,130
2377,14,401808873,home,2320
2377,15,401808874,home,2617
2377,16,401808875,home,2545
2377,17,401808876,home,2447
2377,18,401808877,away,292
2377,19,401808878,away,357
2377,20,401808879,home,2443
2377,21,401808880,away,2545
2377,22,401808881,away,2320
2377,23,401808882,away,2617
2377,24,401808883,home,2916
2377,25,401808884,home,2277
2377,26,401808718,away,2837
2377,27,401808885,away,2466
2377,28,401808886,home,357
2377,29,401808887,home,292
2377,30,401808888,away,2443
2377,31,401808889,away,2447
2377,32,401851612,home,292
2377,33,401851614,home,2617
8,1,401826784,home,2582
8,2,401826785,away,127
8,3,401824935,home,2110
8,4,401826786,home,2535
8,5,401826787,home,2737
8,6,401826788,home,2296
8,7,401817234,home,150
8,8,401806374,home,97
8,9,401826791,home,278
8,10,401826789,home,2641
8,11,401823497,home,2511
8,12,401820294,home,248
8,13,401826790,home,256
8,14,401808145,home,2633
8,15,401808159,away,145
8,16,401808161,away,2
8,17,401808173,home,2579
8,18,401808178,away,61
8,19,401808188,home,238
8,20,401808192,home,99
8,21,401808206,away,201
8,22,401808207,home,96
8,23,401808222,away,344
8,24,401808231,away,99
8,25,401808233,home,2
8,26,401808244,away,333
8,27,401808249,home,142
8,28,401808259,home,245
8,29,401808266,away,57
8,30,401808273,home,251
8,31,401808285,away,142
8,32,401851568,home,201
8,33,401851570,home,145
8,34,401851571,home,238
127,1,401827219,home,2142
127,2,401826785,home,8
127,3,401827220,home,23
127,4,401827221,home,96
127,5,401823371,home,2174
127,6,401820810,home,151
127,7,401817267,home,153
127,8,401825392,home,2294
127,9,401817235,home,150
127,10,401825409,away,213
127,11,401823472,home,2649
127,12,401826874,home,2473
127,13,401827222,home,172
127,14,401825412,away,158
127,15,401825419,home,30
127,16,401825428,home,77
127,17,401825438,home,84
127,18,401825452,away,264
127,19,401825458,away,2483
127,20,401825466,home,120
127,21,401825475,away,164
127,22,401825481,home,130
127,23,401825493,away,135
127,24,401830778,home,356
127,25,401825512,away,275
127,26,401825521,home,26
127,27,401825534,home,194
127,28,401825543,away,2509
127,29,401825550,away,84
127,30,401825561,home,164
127,31,401825568,away,130
127,32,401851383,home,26
2449,1,401824054,away,204
2449,2,401826086,away,302
2449,3,401823257,home,2463
2449,4,401829461,home,-1
2449,5,401828919,home,79
2449,6,401829462,home,-1
2449,7,401828311,home,55
2449,8,401829463,away,2032
2449,9,401828292,away,149
2449,10,401825593,home,2464
2449,11,401823738,away,2934
2449,12,401828910,away,2181
2449,13,401829464,home,-1
2449,14,401829465,home,300
2449,15,401831232,away,2638
2449,16,401818329,home,233
2449,17,401818374,home,198
2449,18,401818379,away,140
2449,19,401818382,away,2437
2449,20,401818385,home,2571
2449,21,401818391,home,2900
2449,22,401818395,away,2172
2449,23,401818398,away,198
2449,24,401818405,away,233
2449,25,401818411,home,2172
2449,26,401818413,home,2437
2449,27,401818420,away,155
2449,28,401818424,away,2571
2449,29,401818431,home,140
2449,30,401818432,away,2900
2449,31,401818436,home,155
2449,32,401851620,home,198
2449,33,401851626,home,2437
2449,34,401851629,home,155
153,1,401817262,home,2110
153,2,401817263,home,2305
153,3,401817264,home,2515
153,4,401817265,home,2428
153,5,401817266,home,2426
153,6,401817198,home,179
153,7,401817267,home,127
153,8,401806365,away,96
153,9,401817268,home,46
153,10,401817269,home,2908
153,11,401817270,home,2193
153,12,401809307,home,194
153,13,401817271,home,151
153,14,401820639,home,52
153,15,401820648,away,2567
153,16,401820661,home,154
153,17,401820672,away,24
153,18,401820675,away,25
153,19,401820687,home,87
153,20,401820697,away,258
153,21,401820709,away,59
153,22,401820714,home,183
153,23,401820724,home,150
153,24,401820731,away,2390
153,25,401820742,home,221
153,26,401820752,away,152
153,27,401820759,away,183
153,28,401820762,home,97
153,29,401820774,home,259
153,30,401820779,home,228
153,31,401820788,away,150
153,32,401851180,home,228
62,1,401824895,away,2483
62,2,401824896,home,2837
62,3,401824848,home,2400
62,4,401824897,home,2363
62,5,401824898,home,3101
62,6,401819817,home,9
62,7,401824899,home,-1
62,8,401824900,home,155
62,9,401809123,home,302
62,10,401809139,home,2239
62,11,401824901,home,-1
62,12,401824902,home,2638
62,13,401809140,away,27
62,14,401809087,away,28
62,15,401809110,home,300
62,16,401809141,away,13
62,17,401809142,away,2540
62,18,401809143,home,2934
62,19,401809144,home,2463
62,20,401809113,away,300
62,21,401809145,away,299
62,22,401809097,home,28
62,23,401809146,away,2934
62,24,401809147,away,2463
62,25,401809148,home,13
62,26,401809149,home,2540
62,27,401809137,away,302
62,28,401809150,away,2239
62,29,401809151,home,27
62,30,401809152,home,299
62,31,401851397,home,2239
62,32,401851398,home,300
2608,1,401829477,home,2900
2608,2,401829430,home,236
2608,3,401829049,home,195
2608,4,401828277,home,249
2608,5,401829484,home,2032
2608,6,401829505,home,-1
2608,7,401826881,home,2724
2608,8,401830753,home,259
2608,9,401830879,home,238
2608,10,401828644,away,2166
2608,11,401823819,home,68
2608,12,401826796,home,2226
2608,13,401820549,home,2460
2608,14,401829165,away,2351
2608,15,401829171,away,2492
2608,16,401829178,home,2501
2608,17,401829186,home,2547
2608,18,401829196,home,265
2608,19,401829201,away,2539
2608,20,401829206,away,2541
2608,21,401829209,home,204
2608,22,401829213,away,2501
2608,23,401829225,away,2250
2608,24,401829230,home,301
2608,25,401829236,home,2539
2608,26,401829241,home,2492
2608,27,401829248,away,279
2608,28,401829253,away,2547
2608,29,401829258,away,265
2608,30,401829262,home,2541
2608,31,401829265,home,2250
2608,32,401851760,home,2541
252,1,401819834,home,222
252,2,401812660,home,107
252,3,401819835,home,48
252,4,401812788,home,41
252,5,401819836,home,275
252,6,401809419,home,2390
252,7,401830886,home,2168
252,8,401819837,home,2856
252,9,401812923,home,228
252,10,401819838,home,27
252,11,401819839,home,279
252,12,401819840,home,2000
252,13,401819841,home,331
252,14,401827596,away,2306
252,15,401827606,home,9
252,16,401827613,away,254
252,17,401827620,home,2628
252,18,401827628,away,2641
252,19,401827642,home,254
252,20,401820816,home,12
252,21,401827655,away,2305
252,22,401827662,away,197
252,23,401827666,home,248
252,24,401827674,away,239
252,25,401827680,home,38
252,26,401827689,away,12
252,27,401827693,home,66
252,28,401827701,home,2116
252,29,401827714,away,277
252,30,401827717,away,2132
252,31,401827724,home,2641
252,32,401851285,home,2306
252,33,401851293,home,277
252,34,401851300,home,248
245,1,401829426,home,2466
245,2,401827003,home,2640
245,3,401813287,away,197
245,4,401824826,home,2116
245,5,401828290,home,149
245,6,401823859,home,2363
245,7,401829427,home,2400
245,8,401826710,home,52
245,9,401806367,away,221
245,10,401817460,home,2567
245,11,401823348,home,294
245,12,401829428,home,2837
245,13,401827046,home,2504
245,14,401808149,home,99
245,15,401808156,away,2
245,16,401808166,home,201
245,17,401808175,away,2633
245,18,401808183,away,251
245,19,401808187,home,344
245,20,401808197,home,2579
245,21,401808209,away,61
245,22,401808215,away,333
245,23,401808224,home,57
245,24,401808228,home,142
245,25,401808238,away,238
245,26,401808248,home,145
245,27,401808256,away,201
245,28,401808259,away,8
245,29,401808272,home,251
245,30,401808275,home,96
245,31,401808282,away,99
245,32,401851564,home,201
130,1,401826083,home,2473
130,2,401817529,home,154
130,3,401812252,away,2628
130,4,401822996,home,2393
130,5,401823764,home,21
130,6,401823479,home,2
130,7,401831214,home,2250
130,8,401825400,home,164
130,9,401823566,home,222
130,10,401825408,away,120
130,11,401822185,home,2325
130,12,401826084,home,2377
130,13,401825411,home,30
130,14,401825423,away,213
130,15,401825432,home,275
130,16,401825445,away,264
130,17,401825450,away,2483
130,18,401825456,home,84
130,19,401825464,home,194
130,20,401825474,home,158
130,21,401825481,away,127
130,22,401825496,home,213
130,23,401825503,away,194
130,24,401825509,away,77
130,25,401825514,home,26
130,26,401825524,away,2509
130,27,401817238,home,150
130,28,401825537,home,135
130,29,401825544,away,356
130,30,401825560,away,2294
130,31,401825568,home,127
130,32,401851380,home,194
130,33,401851384,home,275
130,34,401851388,home,2509
2670,1,401822734,home,2681
2670,2,401822735,home,328
2670,3,401822736,home,2612
2670,4,401817255,away,152
2670,5,401822737,home,2154
2670,6,401822738,home,58
2670,7,401830752,home,238
2670,8,401830878,home,259
2670,9,401822739,home,2535
2670,10,401822740,home,167
2670,11,401813382,home,315
2670,12,401822741,home,44
2670,13,401812632,home,2520
2670,14,401828348,home,179
2670,15,401828352,away,2184
2670,16,401828362,home,139
2670,17,401828365,away,2244
2670,18,401828374,away,227
2670,19,401828381,home,2603
2670,20,401828388,away,2166
2670,21,401828396,home,257
2670,22,401828401,home,2350
2670,23,401828409,away,2230
2670,24,401828414,home,2168
2670,25,401828423,away,2325
2670,26,401828428,away,257
2670,27,401828430,home,45
2670,28,401828437,away,139
2670,29,401828450,home,2230
2670,30,401828456,home,2244
2670,31,401828462,away,2168
2670,32,401851273,home,2184
2670,33,401851276,home,2603
2670,34,401851277,home,2168
2561,1,401820613,home,2803
2561,2,401818547,away,225
2561,3,401817195,away,179
2561,4,401822833,home,2142
2561,5,401822834,home,399
2561,6,401812665,away,107
2561,7,401822835,home,2344
2561,8,401822836,away,44
2561,9,401820627,home,311
2561,10,401813380,home,315
2561,11,401813354,home,2099
2561,12,401822837,away,261
2561,13,401822838,away,84
2561,14,401813422,away,314
2561,15,401813423,away,2520
2561,16,401813424,home,2771
2561,17,401813411,away,116
2561,18,401813425,home,2529
2561,19,401813303,away,2363
2561,20,401813426,home,2217
2561,21,401813335,home,2368
2561,22,401813390,away,315
2561,23,401813365,away,2099
2561,24,401813427,home,314
2561,25,401813428,away,2612
2561,26,401813429,home,2514
2561,27,401813342,away,2368
2561,28,401813430,away,2771
2561,29,401813431,home,2612
2561,30,401813432,away,2217
2561,31,401813433,home,2520
2561,32,401851464,home,116
2561,33,401851466,home,2217
2561,34,401851467,home,2771
356,1,401827170,home,2296
356,2,401823225,home,526
356,3,401811097,home,2641
356,4,401827180,home,2142
356,5,401811098,home,333
356,6,401812356,home,112358
356,7,401827181,home,292
356,8,401811096,home,41
356,9,401811099,home,2633
356,10,401825404,away,194
356,11,401825407,home,158
356,12,401811100,home,142
356,13,401827020,home,2582
356,14,401825416,away,213
356,15,401825427,home,164
356,16,401825435,away,2294
356,17,401825442,away,77
356,18,401825446,home,135
356,19,401825460,home,120
356,20,401825468,away,2509
356,21,401825479,home,264
356,22,401825487,away,158
356,23,401825492,home,77
356,24,401830778,away,127
356,25,401825506,home,275
356,26,401825518,home,84
356,27,401825527,away,30
356,28,401825532,away,26
356,29,401825544,home,130
356,30,401825553,home,2483
356,31,401825567,away,120
356,32,401851381,home,275
139,1,401817182,home,2546
139,2,401817183,home,2130
139,3,401817184,home,2815
139,4,401817185,home,2253
139,5,401817186,home,2870
139,6,401817187,home,2541
139,7,401830750,home,24
139,8,401817188,away,2351
139,9,401817189,home,2117
139,10,401817190,home,2539
139,11,401817191,home,2065
139,12,401817192,home,160
139,13,401817193,home,-1
139,14,401828349,home,2603
139,15,401828362,away,2670
139,16,401828367,away,2325
139,17,401828372,home,2230
139,18,401828379,home,257
139,19,401828382,away,2184
139,20,401828387,away,179
139,21,401828394,home,45
139,22,401828400,home,2168
139,23,401828407,away,2166
139,24,401828418,home,2325
139,25,401828425,away,2350
139,26,401828431,away,227
139,27,401828437,home,2670
139,28,401828443,away,2168
139,29,401828449,home,2184
139,30,401828461,home,2350
139,31,401828466,away,2244
139,32,401851270,home,45
139,33,401851275,home,2168
61,1,401823213,home,91
61,2,401823036,home,2379
61,3,401828576,home,2413
61,4,401826713,home,59
61,5,401829420,home,50
61,6,401809309,home,2752
61,7,401831230,home,228
61,8,401826833,home,2635
61,9,401806369,away,52
61,10,401819848,home,2132
61,11,401826775,home,2717
61,12,401825391,home,2698
61,13,401812364,home,112358
61,14,401808146,home,2
61,15,401808153,away,57
61,16,401808165,away,2579
61,17,401808174,home,145
61,18,401808178,home,8
61,19,401808190,away,142
61,20,401808198,away,251
61,21,401808201,home,2633
61,22,401808209,home,245
61,23,401808221,away,99
61,24,401808230,home,57
61,25,401808239,away,201
61,26,401808245,away,96
61,27,401808251,home,251
61,28,401808261,away,238
61,29,401808267,home,2579
61,30,401808277,home,333
61,31,401808284,away,344
61,32,401851563,home,145
248,1,401824809,home,2329
248,2,401824810,home,119
248,3,401824811,home,2473
248,4,401809305,home,2
248,5,401812629,home,2520
248,6,401817481,home,183
248,7,401824812,home,2633
248,8,401831217,home,87
248,9,401824813,home,52
248,10,401824814,home,2296
248,11,401808901,home,2443
248,12,401820294,home,8
248,13,401823001,home,2393
248,14,401827595,away,2132
248,15,401827600,home,2641
248,16,401827609,away,239
248,17,401827616,home,277
248,18,401827631,home,9
248,19,401827646,away,2641
248,20,401827650,away,2628
248,21,401827654,home,2132
248,22,401827661,home,2116
248,23,401827666,away,252
248,24,401827676,away,254
248,25,401827681,home,2306
248,26,401820819,away,66
248,27,401827695,home,12
248,28,401820820,away,2305
248,29,401827711,home,38
248,30,401827721,home,239
248,31,401827728,away,197
248,32,401851300,home,252
248,33,401851305,home,2305
248,34,401851306,home,12
219,1,401812573,home,-1
219,2,401812574,away,44
219,3,401812575,away,2507
219,4,401812576,home,2603
219,5,401812577,away,2182
219,6,401812578,home,2771
219,7,401812579,home,2325
219,8,401812580,home,2275
219,9,401831240,away,222
219,10,401812581,home,322
219,11,401812582,away,164
219,12,401812583,away,2244
219,13,401812584,home,2885
219,14,401812585,away,163
219,15,401812586,home,225
219,16,401812587,away,159
219,17,401812588,away,108
219,18,401812589,home,43
219,19,401812590,away,171
219,20,401812591,away,172
219,21,401812592,home,163
219,22,401812593,home,171
219,23,401812594,home,172
219,24,401812595,away,43
219,25,401812596,home,159
219,26,401812597,home,108
219,27,401818565,away,225
219,28,401851436,home,108
219,29,401851437,home,43
2250,1,401824031,home,2640
2250,2,401824032,home,201
2250,3,401820831,home,156
2250,4,401819815,away,9
2250,5,401823542,home,253
2250,6,401812263,home,333
2250,7,401824033,home,120
2250,8,401831214,home,130
2250,9,401824034,home,96
2250,10,401823448,home,2454
2250,11,401813763,home,26
2250,12,401824035,home,2097
2250,13,401824036,home,2483
2250,14,401829163,away,2492
2250,15,401829169,away,301
2250,16,401829180,home,2547
2250,17,401829181,home,2351
2250,18,401829190,home,2541
2250,19,401829197,away,265
2250,20,401829203,away,2547
2250,21,401829210,home,2492
2250,22,401829214,home,2539
2250,23,401829225,home,2608
2250,24,401829227,away,2501
2250,25,401829233,away,204
2250,26,401829244,home,265
2250,27,401829245,away,2541
2250,28,401829250,away,2539
2250,29,401829255,home,279
2250,30,401829260,home,2501
2250,31,401829265,away,2608
2250,32,401851759,home,204
2250,33,401851762,home,2541
112358,1,401812350,away,87
112358,2,401812351,away,85
112358,3,401812353,away,2005
112358,4,401812354,home,256
112358,5,401812355,away,2230
112358,6,401812356,away,356
112358,7,401812357,away,2623
112358,8,401812359,home,2737
112358,9,401812360,away,2329
112358,10,401812361,home,2325
112358,11,401812362,away,344
112358,12,401812363,away,2229
112358,13,401812364,away,61
112358,14,401812365,home,2115
112358,15,401812366,away,2130
112358,16,401812367,home,2385
112358,17,401812368,home,2598
112358,18,401812319,away,161
112358,19,401812339,away,2330
112358,20,401812369,away,284
112358,21,401812341,home,2330
112358,22,401812371,away,2115
112358,23,401812372,home,2441
112358,24,401812373,home,284
112358,25,401812374,away,2681
112358,26,401812375,away,2441
112358,27,401859836,home,2681
112358,28,401812376,away,2598
112358,29,401812377,away,2385
112358,30,401812378,home,2130
112358,31,401812332,home,161
112358,32,401851513,home,2130
112358,33,401851519,home,2681
112358,34,401851521,home,2385
2641,1,401819898,home,2815
2641,2,401819899,home,2534
2641,3,401811097,away,356
2641,4,401819900,home,270
2641,5,401817531,home,154
2641,6,401823637,home,2509
2641,7,401808897,home,2443
2641,8,401819901,home,2751
2641,9,401819902,home,99
2641,10,401826789,home,8
2641,11,401819903,home,2458
2641,12,401817237,home,150
2641,13,401819904,home,2737
2641,14,401827598,home,197
2641,15,401827600,away,248
2641,16,401827610,away,38
2641,17,401827623,home,254
2641,18,401827628,home,252
2641,19,401827632,away,239
2641,20,401827646,home,248
2641,21,401827653,away,2116
2641,22,401820817,home,2305
2641,23,401827672,away,277
2641,24,401827678,home,38
2641,25,401827679,away,12
2641,26,401827686,away,9
2641,27,401827698,home,2306
2641,28,401827704,home,2132
2641,29,401827712,away,66
2641,30,401827719,home,2628
2641,31,401827724,away,252
2641,32,401851296,home,66
338,1,401828335,home,-1
338,2,401828336,away,50
338,3,401828337,home,-1
338,4,401826813,home,58
338,5,401828338,home,242
338,6,401828339,home,198
338,7,401823231,away,526
338,8,401828340,home,2296
338,9,401828341,home,2247
338,10,401828342,home,-1
338,11,401822999,away,2393
338,12,401812268,home,333
338,13,401804860,away,2335
338,14,401804866,away,48
338,15,401804868,home,2623
338,16,401804873,home,55
338,17,401804880,home,2229
338,18,401804889,away,98
338,19,401804891,away,2534
338,20,401804895,away,2348
338,21,401804904,home,98
338,22,401804907,home,166
338,23,401804919,away,55
338,24,401804926,home,2393
338,25,401804929,home,2534
338,26,401804935,away,2623
338,27,401804940,home,2348
338,28,401804949,home,2335
338,29,401804956,home,48
338,30,401804960,away,2638
338,31,401804966,away,166
338,32,401851411,home,98
338,33,401851414,home,2534
338,34,401851415,home,2348
96,1,401826746,home,2447
96,2,401822330,home,2674
96,3,401817241,away,97
96,4,401822356,home,2197
96,5,401827221,home,127
96,6,401820187,home,2352
96,7,401826832,home,2635
96,8,401806365,home,153
96,9,401824034,home,2250
96,10,401828738,home,2428
96,11,401827208,home,84
96,12,401809306,home,2599
96,13,401823223,home,91
96,14,401808152,away,333
96,15,401808157,home,142
96,16,401808163,home,344
96,17,401808169,away,99
96,18,401808181,away,2633
96,19,401808185,home,251
96,20,401808194,home,145
96,21,401808205,away,238
96,22,401808207,away,8
96,23,401808216,home,201
96,24,401808220,home,2633
96,25,401808234,away,57
96,26,401808245,home,61
96,27,401808250,away,2
96,28,401808260,away,2579
96,29,401808268,home,238
96,30,401808275,away,245
96,31,401808281,home,57
96,32,401851557,home,99
96,33,401851561,home,142
96,34,401851565,home,57
258,1,401812625,home,2520
258,2,401817487,home,2428
258,3,401817488,home,2261
258,4,401817489,home,276
258,5,401817490,home,77
258,6,401817491,home,2086
258,7,401817492,home,2511
258,8,401806379,away,251
258,9,401813441,home,2168
258,10,401817513,home,2379
258,11,401817514,home,120
258,12,401817515,home,44
258,13,401820641,away,259
258,14,401820646,away,152
258,15,401820654,home,25
258,16,401820664,home,24
258,17,401820669,away,97
258,18,401820680,away,2567
258,19,401820697,home,153
258,20,401820703,away,87
258,21,401820705,away,103
258,22,401820716,home,221
258,23,401820728,home,183
258,24,401820734,away,52
258,25,401817516,home,194
258,26,401820750,away,59
258,27,401820760,home,2390
258,28,401820763,home,152
258,29,401820771,away,150
258,30,401820785,home,154
258,31,401820794,home,259
258,32,401851177,home,152
258,33,401851181,home,2390
258,34,401851183,home,150
2541,1,401824118,home,-1
2541,2,401824119,home,2377
2541,3,401823559,away,2752
2541,4,401824120,home,2440
2541,5,401823557,home,304
2541,6,401824121,home,309
2541,7,401817187,home,139
2541,8,401830751,home,135
2541,9,401824028,home,3101
2541,10,401824122,away,167
2541,11,401819821,home,9
2541,12,401824123,home,249
2541,13,401824124,home,2350
2541,14,401829167,away,204
2541,15,401829173,away,2501
2541,16,401829177,home,2492
2541,17,401829185,home,301
2541,18,401829190,away,2250
2541,19,401829192,home,2351
2541,20,401829199,home,279
2541,21,401829206,home,2608
2541,22,401829215,away,301
2541,23,401829220,home,2539
2541,24,401829226,away,2351
2541,25,401829231,away,279
2541,26,401829237,away,265
2541,27,401829243,home,2547
2541,28,401829245,home,2250
2541,29,401829259,away,2539
2541,30,401829262,away,2608
2541,31,401829266,home,204
2541,32,401851757,home,279
2541,33,401851760,home,2608
2541,34,401851762,home,2250
70,1,401823508,away,265
70,2,401823509,home,-1
70,3,401823510,away,301
70,4,401823511,away,28
70,5,401823512,home,-1
70,6,401823259,home,2463
70,7,401823354,home,2534
70,8,401823568,home,155
70,9,401823569,away,2571
70,10,401817438,away,87
70,11,401823570,home,-1
70,12,401823571,away,13
70,13,401823572,away,2934
70,14,401808453,home,331
70,15,401808471,home,149
70,16,401808472,home,147
70,17,401808473,away,304
70,18,401808474,away,2692
70,19,401808475,home,16
70,20,401808476,home,2502
70,21,401808477,away,2458
70,22,401808478,away,2464
70,23,401808479,away,147
70,24,401808480,away,149
70,25,401808481,home,2692
70,26,401808482,home,304
70,27,401808483,away,2502
70,28,401808484,away,16
70,29,401808485,home,2464
70,30,401808486,home,2458
70,31,401808470,away,331
70,32,401851326,home,16
70,33,401851331,home,147
70,34,401851335,home,331
70,35,401851336,home,149
2634,1,401829384,home,-1
2634,2,401811966,away,2057
2634,3,401829385,home,-1
2634,4,401823360,away,98
2634,5,401829386,away,2633
2634,6,401829387,away,2427
2634,7,401829389,home,-1
2634,8,401829388,away,236
2634,9,401827195,away,2010
2634,10,401820401,away,2439
2634,11,401806349,home,2630
2634,12,401806351,home,2546
2634,13,401806414,away,2635
2634,14,401806422,away,2031
2634,15,401806430,away,2710
2634,16,401806431,away,2197
2634,17,401806439,home,2413
2634,18,401806446,home,88
2634,19,401806452,away,2565
2634,20,401806454,away,2815
2634,21,401806461,home,2031
2634,22,401806458,home,2635
2634,23,401806470,home,2197
2634,24,401806479,home,2710
2634,25,401806485,away,88
2634,26,401806488,away,2413
2634,27,401806493,home,2815
2634,28,401806501,home,2565
2634,29,401806505,away,2546
2634,30,401806512,away,2630
2634,31,401851530,home,2630
2634,32,401851534,home,2413
66,1,401812282,home,161
66,2,401819871,home,2755
66,3,401819872,home,344
66,4,401819873,home,284
66,5,401819874,home,2599
66,6,401819875,home,156
66,7,401831216,home,183
66,8,401819876,home,2016
66,9,401819877,away,2509
66,10,401819878,home,2294
66,11,401819879,home,2197
66,12,401819880,home,299
66,13,401819881,home,2277
66,14,401827592,home,277
66,15,401827605,away,239
66,16,401827611,home,197
66,17,401827617,away,2305
66,18,401827626,away,2132
66,19,401827634,home,2116
66,20,401827645,away,197
66,21,401827651,home,38
66,22,401827659,away,2306
66,23,401827668,home,239
66,24,401827675,away,2628
66,25,401827682,home,2305
66,26,401820819,home,248
66,27,401827693,away,252
66,28,401827705,away,254
66,29,401827712,home,2641
66,30,401820821,away,12
66,31,401827726,home,9
66,32,401851289,home,9
66,33,401851296,home,2641
66,34,401851304,home,12
12,1,401826885,home,57
12,2,401824023,home,3101
12,3,401825588,home,2464
12,4,401813759,home,26
12,5,401812789,away,41
12,6,401826740,home,2172
12,7,401826886,home,2450
12,8,401823480,home,2
12,9,401812266,home,333
12,10,401823529,home,2000
12,11,401823768,home,21
12,12,401826887,home,2065
12,13,401826888,home,2571
12,14,401827599,away,254
12,15,401827604,home,2306
12,16,401827612,away,2628
12,17,401827619,home,9
12,18,401827625,away,2116
12,19,401827637,home,2132
12,20,401827639,home,277
12,21,401820816,away,252
12,22,401827652,away,9
12,23,401827665,home,197
12,24,401820818,away,2305
12,25,401827679,home,2641
12,26,401827689,home,252
12,27,401827695,away,248
12,28,401827700,away,239
12,29,401827707,home,2305
12,30,401820821,home,66
12,31,401827725,away,38
12,32,401851299,home,2116
12,33,401851304,home,66
12,34,401851306,home,248
2006,1,401820595,home,256
2006,2,401820596,home,163
2006,3,401820597,home,-1
2006,4,401820598,away,2509
2006,5,401820599,home,314
2006,6,401831205,home,339
2006,7,401831208,home,43
2006,8,401820600,home,270
2006,9,401809080,home,2083
2006,10,401820601,away,2655
2006,11,401820602,home,93
2006,12,401813767,home,2199
2006,13,401820603,home,-1
2006,14,401814498,away,193
2006,15,401814505,home,2117
2006,16,401814510,away,189
2006,17,401814516,home,2050
2006,18,401814527,home,2711
2006,19,401814528,away,2084
2006,20,401814534,away,195
2006,21,401814544,home,2649
2006,22,401814549,home,2309
2006,23,401814552,away,2199
2006,24,401845848,away,2653
2006,25,401814563,home,113
2006,26,401814568,away,2711
2006,27,401814574,away,2050
2006,28,401814580,home,2084
2006,29,401814586,away,2309
2006,30,401814592,away,2117
2006,31,401814602,home,2459
2006,32,401858188,home,2084
2006,33,401858191,home,2309
2006,34,401858192,home,2649
333,1,401812260,home,155
333,2,401812261,away,2599
333,3,401812262,home,2509
333,4,401811098,home,356
333,5,401812263,home,2250
333,6,401812264,home,2439
333,7,401831220,home,120
333,8,401806376,home,228
333,9,401812265,home,2636
333,10,401812266,home,12
333,11,401812267,home,58
333,12,401812268,home,338
333,13,401812269,home,43
333,14,401808152,home,96
333,15,401808155,away,238
333,16,401808168,home,251
333,17,401808170,away,344
333,18,401808184,away,201
333,19,401808199,home,2633
333,20,401808204,home,142
333,21,401808208,away,57
333,22,401808215,home,245
333,23,401808219,away,2
333,24,401808227,away,145
333,25,401808240,home,2579
333,26,401808244,home,8
333,27,401808252,away,99
333,28,401808263,home,344
333,29,401808271,away,2633
333,30,401808277,away,61
333,31,401808288,home,2
333,32,401851567,home,145
2750,1,401823407,home,-1
2750,2,401817219,away,25
2750,3,401823408,home,2649
2750,4,401823409,home,2515
2750,5,401823012,home,2309
2750,6,401823410,home,-1
2750,7,401823411,away,56
2750,8,401820826,away,2086
2750,9,401817503,away,2754
2750,10,401817510,home,2739
2750,11,401823412,away,276
2750,12,401823413,home,193
2750,13,401823414,home,2199
2750,14,401817600,home,2473
2750,15,401817602,home,270
2750,16,401817606,away,85
2750,17,401817614,away,2174
2750,18,401817619,away,2473
2750,19,401817624,home,2754
2750,20,401817633,home,325
2750,21,401817638,home,94
2750,22,401817645,away,270
2750,23,401817649,away,2739
2750,24,401817652,away,2523
2750,25,401817657,home,2870
2750,26,401817663,home,2174
2750,27,401817669,away,325
2750,28,401817673,home,85
2750,29,401817679,home,2523
2750,30,401817682,away,2870
2750,31,401817687,away,94
2750,32,401851423,home,325
2750,33,401851432,home,94
2750,34,401851434,home,2174
2275,1,401824823,away,2116
2275,2,401824302,away,314
2275,3,401830743,home,-1
2275,4,401809076,away,2083
2275,5,401826838,away,218
2275,6,401822182,home,2325
2275,7,401826905,home,2771
2275,8,401812580,away,219
2275,9,401818534,away,171
2275,10,401817448,away,221
2275,11,401830739,home,-1
2275,12,401817483,away,183
2275,13,401820586,home,2514
2275,14,401811985,home,2097
2275,15,401811996,away,2182
2275,16,401812002,away,119
2275,17,401812007,home,2405
2275,18,401812013,away,2619
2275,19,401812020,home,2210
2275,20,401812025,away,2448
2275,21,401812031,away,2729
2275,22,401812036,home,232
2275,23,401812043,away,2405
2275,24,401812053,home,111
2275,25,401812056,home,119
2275,26,401812063,away,232
2275,27,401812066,away,350
2275,28,401812072,home,2261
2275,29,401812079,away,111
2275,30,401812092,home,2619
2275,31,401812095,home,2182
2275,32,401856430,home,2729
2275,33,401856432,home,119
2275,34,401856433,home,2405
222,1,401819834,home,252
222,2,401823451,home,2511
222,3,401823563,home,2529
222,4,401813447,home,2184
222,5,401822180,away,2325
222,6,401823564,home,295
222,7,401823565,home,218
222,8,401831240,home,219
222,9,401823566,away,130
222,10,401817449,home,221
222,11,401823567,home,275
222,12,401822876,away,2550
222,13,401822881,home,305
222,14,401822883,away,2086
222,15,401822891,home,156
222,16,401822895,away,269
222,17,401822899,away,2507
222,18,401822905,home,2599
222,19,401822911,home,46
222,20,401822913,away,41
222,21,401822922,home,2507
222,22,401822929,home,2550
222,23,401822934,away,46
222,24,401822938,home,269
222,25,401822944,away,156
222,26,401822947,away,2752
222,27,401822953,home,41
222,28,401822961,home,2086
222,29,401822962,away,2599
222,30,401822970,away,305
222,31,401822974,home,2752
222,32,401851314,home,46
328,1,401827910,home,-1
328,2,401822735,home,2670
328,3,401826931,home,2692
328,4,401827911,home,2638
328,5,401809310,home,2655
328,6,401831229,home,2166
328,7,401825579,home,147
328,8,401826835,away,58
328,9,401820802,away,2429
328,10,401813261,home,2287
328,11,401827913,home,36
328,12,401827914,away,278
328,13,401827935,home,23
328,14,401820560,away,2005
328,15,401823822,away,68
328,16,401829294,home,2440
328,17,401823796,away,2253
328,18,401827948,home,2439
328,19,401830829,away,36
328,20,401830824,home,2751
328,21,401823779,home,21
328,22,401829337,away,167
328,23,401829338,away,2751
328,24,401828932,home,278
328,25,401826802,home,235
328,26,401823830,home,68
328,27,401829319,away,2440
328,28,401823784,away,21
328,29,401823805,home,2253
328,30,401829339,away,2439
328,31,401829340,home,167
328,32,401851499,home,2439
328,33,401851503,home,2440
328,34,401851505,home,21
2633,1,401823483,home,2382
2633,2,401823382,home,94
2633,3,401823442,home,2454
2633,4,401826807,home,242
2633,5,401829386,home,2634
2633,6,401827435,home,164
2633,7,401824812,home,248
2633,8,401831215,home,2305
2633,9,401806366,away,183
2633,10,401811099,home,356
2633,11,401817248,home,97
2633,12,401826974,home,2241
2633,13,401829283,home,2569
2633,14,401808145,away,8
2633,15,401808160,home,251
2633,16,401808162,away,57
2633,17,401808175,home,245
2633,18,401808181,home,96
2633,19,401808199,away,333
2633,20,401808201,away,61
2633,21,401808213,home,2
2633,22,401808218,home,145
2633,23,401808220,away,96
2633,24,401808232,away,344
2633,25,401808237,home,99
2633,26,401808247,home,201
2633,27,401808255,away,238
2633,28,401808257,away,142
2633,29,401808271,home,333
2633,30,401808278,away,2579
2633,31,401808286,home,238
2633,32,401851562,home,2
2633,33,401851566,home,238
2294,1,401823398,home,2523
2294,2,401823647,home,2710
2294,3,401823560,home,2752
2294,4,401823648,home,2546
2294,5,401822342,home,2130
2294,6,401823649,home,145
2294,7,401830744,home,2253
2294,8,401825392,away,127
2294,9,401825398,home,120
2294,10,401819878,away,66
2294,11,401823650,home,2711
2294,12,401809083,home,2083
2294,13,401823651,home,2349
2294,14,401825414,home,26
2294,15,401825422,away,135
2294,16,401825435,home,356
2294,17,401825444,away,2509
2294,18,401825447,away,84
2294,19,401825455,home,164
2294,20,401825476,home,30
2294,21,401825488,away,2483
2294,22,401825494,away,264
2294,23,401825501,home,77
2294,24,401825508,away,120
2294,25,401825513,home,2509
2294,26,401825520,home,158
2294,27,401825535,away,275
2294,28,401825540,home,194
2294,29,401825547,away,213
2294,30,401825560,home,130
2294,31,401825569,away,158
2294,32,401851365,home,120
2294,33,401851375,home,194
228,1,401812916,home,160
228,2,401812917,home,2241
228,3,401812918,home,2413
228,4,401812919,away,46
228,5,401812920,home,2453
228,6,401809308,home,277
228,7,401831230,home,61
228,8,401827173,home,2010
228,9,401806376,away,333
228,10,401812923,home,252
228,11,401812924,home,2382
228,12,401812925,home,2579
228,13,401812926,home,2132
228,14,401820640,away,183
228,15,401820647,away,221
228,16,401820652,home,2567
228,17,401820662,away,87
228,18,401820667,home,103
228,19,401820676,home,2390
228,20,401820685,home,152
228,21,401820690,away,59
228,22,401820707,home,221
228,23,401820720,away,24
228,24,401820722,away,25
228,25,401820733,home,259
228,26,401820740,away,150
228,27,401820753,away,154
228,28,401820755,home,52
228,29,401820770,home,97
228,30,401820779,away,153
228,31,401820787,home,59
228,32,401851176,home,154
228,33,401851180,home,153
228,34,401851182,home,150
26,1,401813756,home,331
26,2,401813757,home,2492
26,3,401813758,home,2698
26,4,401813759,home,12
26,5,401813760,home,16
26,6,401813761,home,2506
26,7,401813762,home,25
26,8,401825396,away,264
26,9,401825401,home,2483
26,10,401813763,home,2250
26,11,401813764,home,9
26,12,401813765,home,13
26,13,401813766,home,27
26,14,401825414,away,2294
26,15,401825424,away,275
26,16,401825434,home,120
26,17,401825443,away,213
26,18,401825449,away,194
26,19,401825459,home,2509
26,20,401825469,home,77
26,21,401825477,away,2483
26,22,401825483,home,84
26,23,401825490,home,164
26,24,401825500,home,264
26,25,401825514,away,130
26,26,401825521,away,127
26,27,401825532,home,356
26,28,401825539,home,30
26,29,401825545,away,135
26,30,401825554,home,158
26,31,401825566,away,30
26,32,401851378,home,164
26,33,401851383,home,127
26,34,401851386,home,2509
2460,1,401820541,home,2463
2460,2,401820542,home,2571
2460,3,401820543,home,231
2460,4,401820544,home,2459
2460,5,401820545,away,300
2460,6,401817158,home,2350
2460,7,401830747,home,202
2460,8,401820546,home,-1
2460,9,401820547,home,2724
2460,10,401820548,home,2473
2460,11,401830246,away,82
2460,12,401820549,away,2608
2460,13,401830254,home,2674
2460,14,401830257,home,282
2460,15,401830260,away,339
2460,16,401830203,home,2057
2460,17,401830233,away,71
2460,18,401830268,home,82
2460,19,401830273,away,2674
2460,20,401830276,away,2287
2460,21,401830279,home,93
2460,22,401830284,away,79
2460,23,401830285,home,339
2460,24,401830226,home,71
2460,25,401830295,away,93
2460,26,401830213,away,2057
2460,27,401830303,home,2181
2460,28,401830307,away,282
2460,29,401830310,home,79
2460,30,401830312,home,2287
2460,31,401830317,away,2181
2460,32,401851487,home,339
2460,33,401851491,home,2287
2460,34,401851493,home,71
2460,35,401851494,home,82
2511,1,401823449,home,2737
2511,2,401823450,home,-1
2511,3,401823451,away,222
2511,4,401813446,away,2184
2511,5,401823452,home,2529
2511,6,401823493,home,2430
2511,7,401823494,away,231
2511,8,401817492,away,258
2511,9,401823495,home,2241
2511,10,401823496,home,2569
2511,11,401817535,away,154
2511,12,401823497,away,8
2511,13,401823498,away,2
2511,14,401807662,home,2198
2511,15,401807667,home,91
2511,16,401807677,away,294
2511,17,401807683,away,2454
2511,18,401807689,away,526
2511,19,401807695,away,56
2511,20,401807697,home,2453
2511,21,401807707,away,2698
2511,22,401807710,home,2110
2511,23,401807720,away,91
2511,24,401807722,home,294
2511,25,401807731,home,2454
2511,26,401807733,home,2046
2511,27,401807741,home,288
2511,28,401807745,away,2453
2511,29,401807756,home,2698
2511,30,401807757,away,2198
2511,31,401807768,away,2110
2511,32,401851248,home,2698
2511,33,401851250,home,2046
2511,34,401851251,home,2110
2509,1,401828553,home,339
2509,2,401826869,home,2473
2509,3,401812262,away,333
2509,4,401820598,home,2006
2509,5,401823636,home,235
2509,6,401823637,home,2641
2509,7,401822359,home,2197
2509,8,401825393,away,164
2509,9,401819877,home,66
2509,10,401825406,home,135
2509,11,401823028,home,269
2509,12,401823482,home,2
2509,13,401823019,home,2309
2509,14,401825417,away,275
2509,15,401825426,home,264
2509,16,401825433,home,213
2509,17,401825444,home,2294
2509,18,401825451,away,30
2509,19,401825459,away,26
2509,20,401825468,home,356
2509,21,401825473,away,84
2509,22,401825486,away,120
2509,23,401825498,home,2483
2509,24,401825507,away,158
2509,25,401825513,away,2294
2509,26,401825524,home,130
2509,27,401825528,home,84
2509,28,401825543,home,127
2509,29,401825552,away,194
2509,30,401825556,away,77
2509,31,401825565,home,275
2509,32,401851377,home,77
2509,33,401851382,home,158
2509,34,401851386,home,26
2509,35,401851388,home,130
2599,1,401820577,home,2514
2599,2,401812261,home,333
2599,3,401826915,home,2729
2599,4,401809078,home,2083
2599,5,401819874,home,66
2599,6,401819827,home,239
2599,7,401831218,home,2
2599,8,401826916,home,145
2599,9,401824309,home,314
2599,10,401822869,home,305
2599,11,401809306,home,96
2599,12,401812611,home,108
2599,13,401822879,away,46
2599,14,401822882,home,2507
2599,15,401822888,away,2086
2599,16,401822892,away,156
2599,17,401822897,home,269
2599,18,401822905,away,222
2599,19,401822909,home,2550
2599,20,401822914,away,2752
2599,21,401822919,home,2086
2599,22,401822928,away,305
2599,23,401822932,home,41
2599,24,401822937,home,2752
2599,25,401822943,away,2507
2599,26,401822949,away,269
2599,27,401822952,home,156
2599,28,401822959,away,41
2599,29,401822962,home,222
2599,30,401822967,home,46
2599,31,401822972,away,2550
2599,32,401851311,home,2507
2599,33,401851315,home,2550
2599,34,401851317,home,41
57,1,401826885,home,12
57,2,401823441,home,2454
57,3,401826707,home,52
57,4,401809416,home,2390
57,5,401827489,home,2771
57,6,401809047,home,2628
57,7,401831223,home,2507
57,8,401806364,away,150
57,9,401812793,home,41
57,10,401817151,home,45
57,11,401812387,home,2598
57,12,401829406,home,2142
57,13,401829419,home,159
57,14,401808147,away,142
57,15,401808153,home,61
57,16,401808162,home,2633
57,17,401808172,away,201
57,18,401808182,away,238
57,19,401808189,home,99
57,20,401808193,home,2
57,21,401808203,away,2579
57,22,401808208,home,333
57,23,401808224,away,245
57,24,401808230,away,61
57,25,401808234,home,96
57,26,401808241,home,2579
57,27,401808253,away,145
57,28,401808264,away,251
57,29,401808266,home,8
57,30,401808274,home,344
57,31,401808281,away,96
57,32,401851565,home,96
57,33,401851569,home,238
2116,1,401824823,home,2275
2116,2,401824824,home,238
2116,3,401824825,home,50
2116,4,401824826,away,245
2116,5,401824827,home,2473
2116,6,401817445,home,221
2116,7,401820580,home,2514
2116,8,401823518,home,2678
2116,9,401824828,home,119
2116,10,401823491,home,2382
2116,11,401824829,home,526
2116,12,401824830,home,2226
2116,13,401827594,home,2305
2116,14,401827602,away,197
2116,15,401827615,home,2132
2116,16,401827622,away,2306
2116,17,401827625,home,12
2116,18,401827634,away,66
2116,19,401827643,away,38
2116,20,401827647,home,9
2116,21,401827653,home,2641
2116,22,401827661,away,248
2116,23,401827671,away,2132
2116,24,401827684,home,277
2116,25,401827687,home,2628
2116,26,401827699,away,254
2116,27,401827701,away,252
2116,28,401827709,home,239
2116,29,401827716,home,197
2116,30,401827722,away,277
2116,31,401851291,home,2132
2116,32,401851299,home,12
2305,1,401819882,home,2739
2305,2,401817263,away,153
2305,3,401819883,home,357
2305,4,401819884,home,163
2305,5,401817232,home,150
2305,6,401817436,home,87
2305,7,401817482,home,183
2305,8,401831215,home,2633
2305,9,401812791,home,41
2305,10,401819885,home,142
2305,11,401817259,away,152
2305,12,401819886,home,119
2305,13,401819887,home,2166
2305,14,401827594,away,2116
2305,15,401827601,home,2628
2305,16,401827614,away,277
2305,17,401827617,home,66
2305,18,401827624,home,239
2305,19,401827633,away,38
2305,20,401827644,away,2306
2305,21,401827655,home,252
2305,22,401820817,away,2641
2305,23,401827669,home,254
2305,24,401820818,home,12
2305,25,401827682,away,66
2305,26,401827690,away,197
2305,27,401827696,home,2132
2305,28,401820820,home,248
2305,29,401827707,away,12
2305,30,401827715,away,9
2305,31,401827727,home,2306
2305,32,401851302,home,2628
2305,33,401851305,home,248
41,1,401812785,home,2441
41,2,401812786,home,2349
41,3,401812787,home,171
41,4,401812788,home,252
41,5,401812789,home,12
41,6,401812790,home,2803
41,7,401811096,home,356
41,8,401812791,away,2305
41,9,401812792,home,2837
41,10,401812793,home,57
41,11,401812794,home,251
41,12,401822868,home,2086
41,13,401822875,away,305
41,14,401822880,away,2752
41,15,401822885,home,269
41,16,401822889,away,2507
41,17,401822893,home,305
41,18,401822900,away,2550
41,19,401822904,away,46
41,20,401822913,home,222
41,21,401822918,home,2507
41,22,401822923,away,156
41,23,401822927,home,2752
41,24,401822932,away,2599
41,25,401822940,away,2086
41,26,401822942,home,46
41,27,401822948,home,156
41,28,401822953,away,222
41,29,401822959,home,2599
41,30,401822963,home,2550
41,31,401822973,away,269
41,32,401851313,home,2752
41,33,401851316,home,46
41,34,401851317,away,2599
2856,1,401823530,home,2908
2856,2,401823531,away,300
2856,3,401823532,home,2710
2856,4,401823533,home,27
2856,5,401823534,home,2755
2856,6,401823535,home,301
2856,7,401823536,away,204
2856,8,401819866,away,38
2856,9,401819837,away,252
2856,10,401819911,away,254
2856,11,401823506,away,331
2856,12,401823537,home,2582
2856,13,401823538,home,16
2856,14,401805156,away,3084
2856,15,401805159,away,250
2856,16,401805161,away,2627
2856,17,401805164,home,3101
2856,18,401805168,home,253
2856,19,401805169,away,2000
2856,20,401805176,home,3101
2856,21,401805180,home,3084
2856,22,401805186,away,250
2856,23,401805188,home,2627
2856,24,401805190,home,2000
2856,25,401805195,away,253
2856,26,401805198,away,3101
2856,27,401805201,away,3084
2856,28,401805207,home,250
2856,29,401805209,home,2627
2856,30,401805211,home,2000
2856,31,401805216,away,253
2856,32,401851738,home,3101
2856,33,401851739,home,3084
231,1,401824867,home,2272
231,2,401824868,home,2653
231,3,401824869,home,-1
231,4,401820543,away,2460
231,5,401824870,home,-1
231,6,401823494,home,2511
231,7,401809397,home,257
231,8,401830916,home,2287
231,9,401824871,away,2210
231,10,401812609,home,108
231,11,401824872,home,-1
231,12,401823862,away,2363
231,13,401820848,home,2127
231,14,401809223,home,2382
231,15,401809229,home,2717
231,16,401809313,away,236
231,17,401809320,home,2678
231,18,401809323,away,2535
231,19,401809328,home,2747
231,20,401809335,away,2643
231,21,401809340,away,2430
231,22,401809345,home,2535
231,23,401809348,home,236
231,24,401809353,away,2193
231,25,401809359,home,2430
231,26,401809364,away,2382
231,27,401809372,away,2678
231,28,401809373,home,2193
231,29,401809382,away,2747
231,30,401809384,home,2643
231,31,401809391,away,2717
231,32,401851586,home,2535
231,33,401851591,home,2430
231,34,401851593,home,2193
2390,1,401809413,home,294
2390,2,401809414,home,2065
2390,3,401809415,home,56
2390,4,401809416,home,57
2390,5,401809417,home,2210
2390,6,401809418,home,2169
2390,7,401809419,home,252
2390,8,401830887,home,46
2390,9,401806371,away,145
2390,10,401809420,home,2572
2390,11,401809421,home,2433
2390,12,401809422,home,2229
2390,13,401809423,home,2454
2390,14,401820637,home,221
2390,15,401820656,away,154
2390,16,401820660,home,59
2390,17,401820670,away,87
2390,18,401820676,away,228
2390,19,401820686,home,52
2390,20,401820696,away,183
2390,21,401820701,home,24
2390,22,401820711,home,25
2390,23,401820721,away,103
2390,24,401820731,home,153
2390,25,401820741,away,152
2390,26,401820751,home,259
2390,27,401820760,away,258
2390,28,401820766,away,52
2390,29,401820773,home,103
2390,30,401820784,away,2567
2390,31,401820790,home,97
2390,32,401851178,home,97
2390,33,401851181,home,258
142,1,401829423,away,47
142,2,401829345,home,2546
142,3,401823515,home,2678
142,4,401827234,home,135
142,5,401827041,home,2504
142,6,401811106,home,233
142,7,401829280,home,2569
142,8,401827486,home,325
142,9,401806368,away,87
142,10,401819885,home,2305
142,11,401827157,home,2011
142,12,401827113,home,2065
142,13,401811100,home,356
142,14,401808147,home,57
142,15,401808157,away,96
142,16,401808164,away,145
142,17,401808171,home,2
142,18,401808179,away,99
142,19,401808190,home,61
142,20,401808196,home,201
142,21,401808204,away,333
142,22,401808211,home,344
142,23,401808223,away,2579
142,24,401808228,away,245
142,25,401808236,home,251
142,26,401808246,home,238
142,27,401808249,away,8
142,28,401808257,home,2633
142,29,401808270,away,344
142,30,401808280,away,201
142,31,401808285,home,8
142,32,401851561,home,96
